{
  "iteration": 1,
  "timestamp": "20250818_120359",
  "overall_improvement": 0.0,
  "best_performing_prompt": "voice_enhanced",
  "worst_performing_areas": [
    "conclusion_strength",
    "hook_effectiveness",
    "data_usage_match"
  ],
  "confidence_score": 0.5733867548009702,
  "optimization_recommendations": [],
  "performance_trends": {},
  "performance_history": [
    {
      "iteration": 1,
      "timestamp": "2025-08-18T12:03:59.373209",
      "conclusion_strength": 0.1686502087948964,
      "hook_effectiveness": 0.32530112479776907,
      "data_usage_match": 0.4222222222222222,
      "structural_match": 0.5655388753615123,
      "overall_similarity": 0.6629092593583397,
      "style_similarity": 0.6698966165413534,
      "voice_authenticity": 0.7222222222222222,
      "content_depth": 0.9444444444444444
    }
  ]
}