{
  "iteration": 1,
  "timestamp": "20250818_114527",
  "overall_improvement": 0.0,
  "best_performing_prompt": "comprehensive",
  "worst_performing_areas": [
    "conclusion_strength",
    "hook_effectiveness",
    "structural_match"
  ],
  "confidence_score": 0.5919925989236533,
  "optimization_recommendations": [],
  "performance_trends": {},
  "performance_history": [
    {
      "iteration": 1,
      "timestamp": "2025-08-18T11:45:27.652754",
      "conclusion_strength": 0.1529831718510964,
      "hook_effectiveness": 0.33579560856600704,
      "structural_match": 0.5016736834974419,
      "style_similarity": 0.6214177489177489,
      "overall_similarity": 0.6301404488463884,
      "data_usage_match": 0.6444444444444445,
      "content_depth": 0.7576312576312576,
      "voice_authenticity": 0.7626262626262627
    }
  ]
}